{"title": "淑怡：长针眼了 求你们别给我看怪东西了", "name": "英雄联盟", "tag": "不2不叫周淑怡", "enrages": "33.9万"}
{"title": "迷离劫：韩服之旅（钻1篇）", "name": "英雄联盟", "tag": "迷离之道丶", "enrages": "5.8万"}
{"title": "恭喜RNG获得MSI冠军！", "name": "英雄联盟", "tag": "英雄联盟官方赛事", "enrages": "305万"}
{"title": "大司马：同学们我已拍片归来你这么说？", "name": "英雄联盟", "tag": "芜湖大司马丶", "enrages": "141万"}
{"title": "【轮播】S7经典赛事回顾", "name": "英雄联盟", "tag": "英雄联盟官方赛事二", "enrages": "137万"}
{"title": "新主播王琛回归首秀-", "name": "美食", "tag": "渝万丶王琛精彩人生", "enrages": "2.2万"}
{"title": "胡凯利：结婚归来，进来沾沾喜气吧！", "name": "英雄联盟", "tag": "洞主丨歌神洞庭湖", "enrages": "52.5万"}
{"title": "神超：看得开心就留下吧~", "name": "英雄联盟", "tag": "三笠ackerman丶1", "enrages": "26.7万"}
{"title": "誓约：古风mei男一区战神", "name": "英雄联盟", "tag": "誓约中二约", "enrages": "18.1万"}
{"title": "电棍：今天我又是必上大师", "name": "英雄联盟", "tag": "电棍", "enrages": "17万"}
{"title": "下路俩强盗疯狂杀戮", "name": "英雄联盟", "tag": "赏金术士2018", "enrages": "14.6万"}
{"title": "胖胖OB：5.23日 RNG\\KZ\\走A", "name": "英雄联盟", "tag": "胖胖灬", "enrages": "14.5万"}
{"title": "SoloFeng 王者高分局", "name": "英雄联盟", "tag": "solofeng解说丶", "enrages": "12万"}
{"title": "一个喜欢唱歌和玩游戏的小坑坑~", "name": "英雄联盟", "tag": "Moe无千语吖", "enrages": "9.6万"}
{"title": "狗康：史上最暴力皎月，一刀99999", "name": "英雄联盟", "tag": "狗康Bfate丶", "enrages": "8.7万"}
{"title": "【轮播】2017MSI经典赛事回顾", "name": "英雄联盟", "tag": "英雄联盟赛事活动专用", "enrages": "7.6万"}
{"title": "劳模已上线~", "name": "英雄联盟", "tag": "脾气不好天仙老婆", "enrages": "6.4万"}
{"title": "声优熙：新来的进来办张卡吧。", "name": "英雄联盟", "tag": "熙宝兒", "enrages": "6.3万"}
{"title": "老陈：北美大叔盲僧/新英雄派克", "name": "英雄联盟", "tag": "暴风工作室丶", "enrages": "6.1万"}
{"title": "这个狮子不太狗：新版最强攻略！", "name": "英雄联盟", "tag": "你的大湿胸丶", "enrages": "5.9万"}
{"title": "快乐风男：这个亚索有丶东西", "name": "英雄联盟", "tag": "凉风亚索yasuo", "enrages": "5.6万"}
{"title": "浪灯：猛男赵信（新版野区）", "name": "英雄联盟", "tag": "浪灯丶", "enrages": "5.5万"}
{"title": "卷毛：峡谷之巅冲王者！~", "name": "英雄联盟", "tag": "风中追风Fzz1", "enrages": "4.9万"}
{"title": "一会灵活组排，想上车的举手~", "name": "英雄联盟", "tag": "西西嘟球球", "enrages": "4.7万"}
{"title": "9级粉丝徽章送电一大师王者号！", "name": "英雄联盟", "tag": "十月船长丶", "enrages": "4.7万"}
{"title": "世界级瑞兹！相位加强了前期！", "name": "英雄联盟", "tag": "恶魔神", "enrages": "4.2万"}
{"title": "性感蛮王 一刀一个", "name": "英雄联盟", "tag": "douyu丶松子", "enrages": "4.1万"}
{"title": "教科书版薇恩  对线 打团 切入", "name": "英雄联盟", "tag": "十八佳", "enrages": "3.4万"}
{"title": "酸奶金克丝：恭喜RNG！RNG牛逼！", "name": "英雄联盟", "tag": "酸奶金克丝丶862968", "enrages": "3.3万"}
{"title": "MoMo：韩服80%胜率 钻石4 ADC", "name": "英雄联盟", "tag": "心态很不好的momo", "enrages": "3万"}
{"title": "鹿鹿妹❤电一青铜组排", "name": "英雄联盟", "tag": "鹿鹿是个美少女阿", "enrages": "3万"}
{"title": "真的不是林志玲", "name": "英雄联盟", "tag": "大牙yo", "enrages": "2.9万"}
{"title": "斗鱼第一逆羽 初来乍到", "name": "英雄联盟", "tag": "14德莱文", "enrages": "2.8万"}
{"title": "绿甲变态瑞兹了解一下！", "name": "英雄联盟", "tag": "战神魏小虎", "enrages": "2.7万"}
{"title": "苏轼：韩服从零开始", "name": "英雄联盟", "tag": "Sush4Zz", "enrages": "2.6万"}
{"title": "陛哥上单：任何上单我都耍的有模有样", "name": "英雄联盟", "tag": "陛哥丶", "enrages": "2.5万"}
{"title": "阿卡丽！钻石局讲解教学/场均30杀！", "name": "英雄联盟", "tag": "GS丶屠殺", "enrages": "2.2万"}
{"title": "世界第一OB间：10王者，40分钟质量局", "name": "英雄联盟", "tag": "青蛙ob", "enrages": "2.2万"}
{"title": "黑色玫瑰新号定位冲冲冲", "name": "英雄联盟", "tag": "永远在一起丶英嘤英", "enrages": "2.1万"}
{"title": "宇宙第一女警，教你上钻", "name": "英雄联盟", "tag": "啊三三三三三三三", "enrages": "2.1万"}
{"title": "绿色直播间 用心去绿化世界", "name": "英雄联盟", "tag": "XXX的那个谁", "enrages": "2.1万"}
{"title": "艾欧尼亚了解哈", "name": "英雄联盟", "tag": "空白骑士丶空白", "enrages": "2.1万"}
{"title": "程乐鸡：无敌男枪 千珏 在线屠杀！", "name": "英雄联盟", "tag": "程乐鸡QAQ", "enrages": "1.7万"}
{"title": "小猪AD： 金克丝 女警 学会轻松上钻", "name": "英雄联盟", "tag": "污妖王丶小猪", "enrages": "1.7万"}
{"title": "国服第一阿狸~5月底限时办卡上电视", "name": "英雄联盟", "tag": "辉哥飞呀挥", "enrages": "1.6万"}
{"title": "提莫电一从零单排 这直播间有点说法！", "name": "英雄联盟", "tag": "王唐英", "enrages": "1.6万"}
{"title": "2菟丶：✏️只 (՞•Ꙫ•՞)。", "name": "英雄联盟", "tag": "2菟丶", "enrages": "1.5万"}
{"title": "天天~大叔三项瞎子/火影劫", "name": "英雄联盟", "tag": "天天OB丶", "enrages": "1.5万"}
{"title": "国 服 第 一 骚 劫 ！", "name": "英雄联盟", "tag": "刺杀王者劫", "enrages": "1.5万"}
{"title": "筱筱：你愿意做筱阔爱的真爱么", "name": "英雄联盟", "tag": "傲娇筱筱灬", "enrages": "1.5万"}
{"title": "领取一只小姐姐╭(╯^╰)╮", "name": "英雄联盟", "tag": "渣渣雯", "enrages": "1.5万"}
{"title": "钢铁烈阳 上车了", "name": "英雄联盟", "tag": "Sunshine兮宝宝", "enrages": "1.4万"}
{"title": "扎男：斗鱼第一扎克", "name": "英雄联盟", "tag": "污妖王丶扎男", "enrages": "1.4万"}
{"title": "【轮播】2017洲际赛经典赛事回顾", "name": "英雄联盟", "tag": "赛事活动专用2", "enrages": "1.4万"}
{"title": "斗鱼第一百多的Ez T1级AD。", "name": "英雄联盟", "tag": "张海彬丶", "enrages": "1.4万"}
{"title": "韩服野区第一剀影冲冲冲     钻石分段", "name": "英雄联盟", "tag": "渝万丶雨神", "enrages": "1.4万"}
{"title": "电一高分辅助：逛街风女了解一下", "name": "英雄联盟", "tag": "冬雾为雪", "enrages": "1.3万"}
{"title": "一张办卡小姐姐带你飞", "name": "英雄联盟", "tag": "奔跑的Yy", "enrages": "1.3万"}
{"title": "cc：宇宙第一潘森  轻松大师王者", "name": "英雄联盟", "tag": "鬼手cc", "enrages": "1.3万"}
{"title": "ღ发条专场 恭喜RNG夺冠ღ", "name": "英雄联盟", "tag": "羽毛发条丶31969", "enrages": "1.3万"}
{"title": "电一王者死歌：2分钟一血", "name": "英雄联盟", "tag": "俞俊0829", "enrages": "1.2万"}
{"title": "上单蛮王 免费上分 爬坑", "name": "英雄联盟", "tag": "二哈蛮王", "enrages": "1.2万"}
{"title": "辛妹：快乐风女 自闭单排", "name": "英雄联盟", "tag": "本命英雄辛德拉", "enrages": "1.1万"}
{"title": "大魏：超越脚本的蛇女，看了不上分你揍我", "name": "英雄联盟", "tag": "玩蛇少年大魏", "enrages": "1.1万"}
{"title": "排位不66连胜不下播，峡谷千分王者#", "name": "英雄联盟", "tag": "黑洛t", "enrages": "1.1万"}
{"title": "国服最强赏金啊~~~", "name": "英雄联盟", "tag": "一只皮皮妞", "enrages": "1.1万"}
{"title": "卡神：电1峡谷王者卡牌. 鱼吧晚上开奖.", "name": "英雄联盟", "tag": "卡神zz", "enrages": "1.1万"}
{"title": "皮城警备大师段位青铜技术了解下", "name": "英雄联盟", "tag": "安娜娜er", "enrages": "1万"}
{"title": "ބ声控：愿你有良人相伴~ބ", "name": "英雄联盟", "tag": "婠欣怡c", "enrages": "1万"}
{"title": "肥螳螂老无名，是不是第一螳螂你说了算", "name": "英雄联盟", "tag": "渝万丶肥螳螂", "enrages": "9931"}
{"title": "王者熊男：所有中单，点击即会", "name": "英雄联盟", "tag": "超级C位丶安旭", "enrages": "9791"}
{"title": "艾欧尼亚萌新主播~  了解一下", "name": "英雄联盟", "tag": "一只小媚媚丶", "enrages": "9624"}
{"title": "人来人往谁留？", "name": "英雄联盟", "tag": "刘甜甜呢", "enrages": "9410"}
{"title": "新版男枪无敌玩法戳进来看看", "name": "英雄联盟", "tag": "无敌男枪张学友", "enrages": "9337"}
{"title": "软软：今天是声优主播 了解一下？", "name": "英雄联盟", "tag": "渝万丶软软", "enrages": "8960"}
{"title": "第一梦魇：峡谷之巅血虐大师王者局", "name": "英雄联盟", "tag": "约德尔丶鬼厉o0", "enrages": "8922"}
{"title": "稀饭：海兽祭祀钻石局强势C~", "name": "英雄联盟", "tag": "ChuShou稀饭", "enrages": "8688"}
{"title": "声控福利❤终极混子日常", "name": "英雄联盟", "tag": "幼鹿鹿", "enrages": "8408"}
{"title": "网四灵活带粉丝上分", "name": "英雄联盟", "tag": "凌昕卡特丶", "enrages": "8350"}
{"title": "晚上做点寿司", "name": "英雄联盟", "tag": "混丶三代目", "enrages": "8298"}
{"title": "小傻:你是我最精彩的经历", "name": "英雄联盟", "tag": "刘小傻丶", "enrages": "8235"}
{"title": "声音好听的越崽 ap卡莎 了解一下", "name": "英雄联盟", "tag": "渝万丶越与愿", "enrages": "8020"}
{"title": "打算去EDG的韩服天才王者", "name": "英雄联盟", "tag": "KDL丶史多多", "enrages": "7949"}
{"title": "薇：一个玩球的女。孩", "name": "英雄联盟", "tag": "乐薇薇丶", "enrages": "7895"}
{"title": "艾欧尼亚上车吗", "name": "英雄联盟", "tag": "胡咩咩咩咩咩", "enrages": "7889"}
{"title": "苏格呢 安静打游戏 你看吗?", "name": "英雄联盟", "tag": "苏格呢", "enrages": "7773"}
{"title": "小鱼人：峡谷1100分王者局 RNG牛逼", "name": "英雄联盟", "tag": "初音未来无敌帅", "enrages": "7635"}
{"title": "躺赢主播  了解一哈", "name": "英雄联盟", "tag": "米哚児", "enrages": "7187"}
{"title": "静静：妹子主播求关注！", "name": "英雄联盟", "tag": "李小静加油", "enrages": "7165"}
{"title": "新人主播求关注~么么哒~", "name": "英雄联盟", "tag": "大美腻啊", "enrages": "7088"}
{"title": "抱抱书:斗鱼第一百零九卡莎男枪", "name": "英雄联盟", "tag": "抱抱书ovo", "enrages": "7060"}
{"title": "RNG丶晴空 中单刀妹登顶峡谷之巅", "name": "英雄联盟", "tag": "杀神丶晴空", "enrages": "6955"}
{"title": "两只黄鹂鸣翠柳，电竞不需女朋友。", "name": "英雄联盟", "tag": "娜塔丽波特DA", "enrages": "6916"}
{"title": "喵：回国啦！国服约起来！养身主播不化妆！", "name": "英雄联盟", "tag": "机智少女喵", "enrages": "6912"}
{"title": "雪兔酱：ღღ呆萌小兔，求办卡ღღ", "name": "英雄联盟", "tag": "丶雪兔酱", "enrages": "6885"}
{"title": "点兵点将 It's UUUUUUUUUU", "name": "英雄联盟", "tag": "薯薯薯薯球", "enrages": "6819"}
{"title": "斗鱼第一卡特：性感红发，在线发刀！！", "name": "英雄联盟", "tag": "丶向左", "enrages": "6786"}
{"title": "晴海君：刀妹新套路了解下！", "name": "英雄联盟", "tag": "叫我晴海君", "enrages": "6747"}
{"title": "有木有小哥哥带带我上黄金2", "name": "英雄联盟", "tag": "爆炸丨小蘑菇", "enrages": "6607"}
{"title": "子渔：卡兹克の光速钻石", "name": "英雄联盟", "tag": "不吃早餐的子渔呀", "enrages": "6604"}
{"title": "声音很甜的小姐姐 ~u~", "name": "英雄联盟", "tag": "一只皮皮末u", "enrages": "6558"}
{"title": "【表哥】是我野区不拿刀了，还是对手你飘了", "name": "英雄联盟", "tag": "国服第一表哥", "enrages": "6472"}
{"title": "不秀我都不想玩", "name": "英雄联盟", "tag": "酒鬼主播", "enrages": "6420"}
{"title": "把情绪给别人看是弱者的表现~", "name": "英雄联盟", "tag": "美少女秀秀", "enrages": "6365"}
{"title": "网 二德玛西亚", "name": "英雄联盟", "tag": "一只瓜皮五", "enrages": "6340"}
{"title": "老虎不发威，你当我辅助可好！！！", "name": "英雄联盟", "tag": "丶一只小小喵", "enrages": "6250"}
{"title": "王者卡特 免费上分创始人", "name": "英雄联盟", "tag": "douyu丶龙大神", "enrages": "5988"}
{"title": "黑色玫瑰打游戏吗、。。", "name": "英雄联盟", "tag": "迷路的皮克斯o", "enrages": "5973"}
{"title": "一张办卡上钻石{办卡就打} 德莱文专场", "name": "英雄联盟", "tag": "GS丶挽歌", "enrages": "5796"}
{"title": "你能否感受到我的改变", "name": "英雄联盟", "tag": "乀兰兰", "enrages": "5727"}
{"title": "王者豹女，免费帮上分。", "name": "英雄联盟", "tag": "弃丸明投暗", "enrages": "5633"}
{"title": "峡谷之巅 老鼠打野", "name": "英雄联盟", "tag": "GS丶皮皮鼠", "enrages": "5530"}
{"title": "艾薇薇：百变的小野猫，了解一下~", "name": "英雄联盟", "tag": "女子无才便是德OoO", "enrages": "5471"}
{"title": "毛姐一杯酒，朋友全都有。", "name": "英雄联盟", "tag": "袁小毛丶", "enrages": "5468"}
{"title": "像最初：走砍ad细节教学", "name": "英雄联盟", "tag": "渝万丶像最初", "enrages": "5421"}
{"title": "电一阿狸钻石冲大师", "name": "英雄联盟", "tag": "心却空城", "enrages": "5277"}
{"title": "超神辅助了解一下", "name": "英雄联盟", "tag": "叫我辅神渣哥", "enrages": "5270"}
{"title": "网二少女的上分日常~", "name": "英雄联盟", "tag": "CYDDD", "enrages": "5191"}
{"title": "奶妈辅助 任何弹幕都回复哦~", "name": "英雄联盟", "tag": "龙妹妹QAQ", "enrages": "5176"}
{"title": "斗鱼第一AP卡莎 惊天1V9！", "name": "英雄联盟", "tag": "等晴天z", "enrages": "5157"}
